﻿<?xml version="1.0" encoding="UTF-8" standalone="yes"?>
<addon id="plugin.video.tenil" name="ערוץ 10 (web)" version="1.0.4" provider-name="xbmc-israel team ([COLOR white]x[/COLOR][COLOR blue]b[/COLOR][COLOR white]m[/COLOR][COLOR blue]c[/COLOR]-[COLOR white]i[/COLOR][COLOR blue]s[/COLOR][COLOR white]r[/COLOR][COLOR blue]a[/COLOR][COLOR white]e[/COLOR][COLOR blue]l[/COLOR] repo)">
	<requires>
		<import addon="xbmc.python" version="2.1.0"/>
		<import addon="repository.xbmc-israel" />
	</requires>
	<extension point="xbmc.python.pluginsource" library="default.py">
		<provides>video</provides>
	</extension>
	<extension point="xbmc.addon.metadata">
		<summary lang="en">Watch Channel 10 video contents.</summary>
		<description lang="en">Watch contents from Channel 10's website.</description>
		<summary lang="he">צפיה בתוכניות מאתר ערוץ 10</summary>
		<description lang="he">צפיה במגוון התוכניות והסדרות מאתר ערוץ 10</description>
		<platform>all</platform>
	</extension>
</addon>
