<?xml version="1.0" encoding="UTF-8" standalone="yes"?>
<addon id="repository.KodiKid" name=".[COLOR blue]Kodi[/COLOR][COLOR white]Kid[/COLOR]" version="1.0" provider-name="KodiKid">
    <extension point="xbmc.addon.repository" name="KodiKid Repository">
        <info compressed="false">https://raw.githubusercontent.com/kodikid/kodikid/master/addons.xml</info>
        <checksum>https://raw.githubusercontent.com/kodikid/kodikid/master/addons.xml.md5</checksum>
        <datadir zip="true">https://raw.githubusercontent.com/kodikid/kodikid/master/repo</datadir>
    </extension>
    <extension point="xbmc.addon.metadata">
        <summary>KodiKid Repository</summary>
        <description>KodiKid Repository</description>
        <platform>all</platform>
    </extension>
</addon>
